Loss,Accuracy,False Negative Rate,False Positive Rate,Negative Predictive Value,Positive Predictive Value,Sensitivity,Specificity,F1-Score,F2-Score,Matthews Correlation Coefficient,AUC-ROC,AUC-PR,Model Training Time
0.6031864838940757,0.757847533632287,0.25510204081632654,0.232,0.7933884297520661,0.7156862745098039,0.7448979591836735,0.768,0.73,0.7388663967611336,0.5109827559594797,0.8132244897959184,0.7757078089726092,727.7952020000084
