Loss,Accuracy,False Negative Rate,False Positive Rate,Negative Predictive Value,Positive Predictive Value,Sensitivity,Specificity,F1-Score,F2-Score,Matthews Correlation Coefficient,AUC-ROC,AUC-PR,Model Training Time
0.6693372556141445,0.6905829596412556,0.30612244897959184,0.312,0.7413793103448276,0.6355140186915887,0.6938775510204082,0.688,0.6634146341463415,0.6813627254509018,0.3793772548379193,0.7497142857142857,0.714093188150025,7251.575520100014
