Loss,Accuracy,False Negative Rate,False Positive Rate,Negative Predictive Value,Positive Predictive Value,Sensitivity,Specificity,F1-Score,F2-Score,Matthews Correlation Coefficient,AUC-ROC,AUC-PR,Model Training Time
0.5373724315847669,0.7713004484304933,0.24489795918367346,0.216,0.8032786885245902,0.7326732673267327,0.7551020408163265,0.784,0.7437185929648241,0.7505070993914807,0.5375246907621546,0.8453061224489796,0.8198894438845437,47917.618510700006
