Loss,Accuracy,False Negative Rate,False Positive Rate,Negative Predictive Value,Positive Predictive Value,Sensitivity,Specificity,F1-Score,F2-Score,Matthews Correlation Coefficient,AUC-ROC,AUC-PR,Model Training Time
0.568938421351569,0.757847533632287,0.24489795918367346,0.24,0.7983193277310925,0.7115384615384616,0.7551020408163265,0.76,0.7326732673267327,0.7459677419354839,0.5124732068887581,0.8306938775510204,0.7993961708821242,13560.511009899987
