Loss,Accuracy,False Negative Rate,False Positive Rate,Negative Predictive Value,Positive Predictive Value,Sensitivity,Specificity,F1-Score,F2-Score,Matthews Correlation Coefficient,AUC-ROC,AUC-PR,Model Training Time
0.5620091514928001,0.7443946188340808,0.23469387755102042,0.272,0.7982456140350878,0.6880733944954128,0.7653061224489796,0.728,0.7246376811594203,0.7485029940119761,0.4898001065449184,0.8333061224489796,0.8235287530348261,1438.4367283000029
