Loss,Accuracy,False Negative Rate,False Positive Rate,Negative Predictive Value,Positive Predictive Value,Sensitivity,Specificity,F1-Score,F2-Score,Matthews Correlation Coefficient,AUC-ROC,AUC-PR,Model Training Time
0.62459967817579,0.7533632286995515,0.23469387755102042,0.256,0.8017241379310345,0.7009345794392523,0.7653061224489796,0.744,0.7317073170731707,0.751503006012024,0.5059715034061092,0.8121632653061224,0.7882013778938156,2090.6553039000137
