Loss,Accuracy,False Negative Rate,False Positive Rate,Negative Predictive Value,Positive Predictive Value,Sensitivity,Specificity,F1-Score,F2-Score,Matthews Correlation Coefficient,AUC-ROC,AUC-PR,Model Training Time
0.6225233844348362,0.7309417040358744,0.22448979591836735,0.304,0.7981651376146789,0.6666666666666666,0.7755102040816326,0.696,0.7169811320754716,0.7509881422924901,0.46815909571462,0.8028571428571428,0.7902176741951309,359.757254199998
