Loss,Accuracy,False Negative Rate,False Positive Rate,Negative Predictive Value,Positive Predictive Value,Sensitivity,Specificity,F1-Score,F2-Score,Matthews Correlation Coefficient,AUC-ROC,AUC-PR,Model Training Time
0.5985781635556903,0.7399103139013453,0.22448979591836735,0.288,0.8018018018018018,0.6785714285714286,0.7755102040816326,0.712,0.7238095238095238,0.753968253968254,0.48392856040391613,0.8124081632653062,0.8096917270881014,44079.07364450002
