Loss,Accuracy,False Negative Rate,False Positive Rate,Negative Predictive Value,Positive Predictive Value,Sensitivity,Specificity,F1-Score,F2-Score,Matthews Correlation Coefficient,AUC-ROC,AUC-PR,Model Training Time
0.631356452192579,0.726457399103139,0.336734693877551,0.224,0.7461538461538462,0.6989247311827957,0.6632653061224489,0.776,0.680628272251309,0.6701030927835051,0.44216238818145087,0.8002448979591837,0.7784580296018421,1489.7258325000003
