Loss,Accuracy,False Negative Rate,False Positive Rate,Negative Predictive Value,Positive Predictive Value,Sensitivity,Specificity,F1-Score,F2-Score,Matthews Correlation Coefficient,AUC-ROC,AUC-PR,Model Training Time
0.6270233392715454,0.7219730941704036,0.2653061224489796,0.288,0.7739130434782608,0.6666666666666666,0.7346938775510204,0.712,0.6990291262135923,0.72,0.4436262606011307,0.7916734693877551,0.7358674264885614,374.67527070001233
