Loss,Accuracy,False Negative Rate,False Positive Rate,Negative Predictive Value,Positive Predictive Value,Sensitivity,Specificity,F1-Score,F2-Score,Matthews Correlation Coefficient,AUC-ROC,AUC-PR,Model Training Time
0.5686017487730298,0.7488789237668162,0.19387755102040816,0.296,0.822429906542056,0.6810344827586207,0.8061224489795918,0.704,0.7383177570093458,0.7775590551181102,0.5067824851394095,0.833795918367347,0.81054137184069,964.8588141999207
