Loss,Accuracy,False Negative Rate,False Positive Rate,Negative Predictive Value,Positive Predictive Value,Sensitivity,Specificity,F1-Score,F2-Score,Matthews Correlation Coefficient,AUC-ROC,AUC-PR,Model Training Time
0.6711016382489886,0.7443946188340808,0.20408163265306123,0.296,0.8148148148148148,0.6782608695652174,0.7959183673469388,0.704,0.7323943661971831,0.7692307692307693,0.49648523755872154,0.8383673469387755,0.8391651609522649,973.0851269999985
