Loss,Accuracy,False Negative Rate,False Positive Rate,Negative Predictive Value,Positive Predictive Value,Sensitivity,Specificity,F1-Score,F2-Score,Matthews Correlation Coefficient,AUC-ROC,AUC-PR,Model Training Time
0.5756032722336906,0.757847533632287,0.22448979591836735,0.256,0.808695652173913,0.7037037037037037,0.7755102040816326,0.744,0.7378640776699029,0.76,0.5159425296903501,0.832,0.8243923117644958,63707.02204540001
