Loss,Accuracy,False Negative Rate,False Positive Rate,Negative Predictive Value,Positive Predictive Value,Sensitivity,Specificity,F1-Score,F2-Score,Matthews Correlation Coefficient,AUC-ROC,AUC-PR,Model Training Time
0.6304571373122079,0.7354260089686099,0.21428571428571427,0.304,0.8055555555555556,0.6695652173913044,0.7857142857142857,0.696,0.7230046948356808,0.7593688362919132,0.4784061702864167,0.8068571428571428,0.8118318757855943,16078.439565800003
