Loss,Accuracy,False Negative Rate,False Positive Rate,Negative Predictive Value,Positive Predictive Value,Sensitivity,Specificity,F1-Score,F2-Score,Matthews Correlation Coefficient,AUC-ROC,AUC-PR,Model Training Time
0.6336839071341923,0.7174887892376681,0.2857142857142857,0.28,0.7627118644067796,0.6666666666666666,0.7142857142857143,0.72,0.6896551724137931,0.704225352112676,0.43182515219262346,0.7897959183673471,0.7729266884235707,1332.2251745999965
