Loss,Accuracy,False Negative Rate,False Positive Rate,Negative Predictive Value,Positive Predictive Value,Sensitivity,Specificity,F1-Score,F2-Score,Matthews Correlation Coefficient,AUC-ROC,AUC-PR,Model Training Time
0.5994606103215899,0.726457399103139,0.2857142857142857,0.264,0.7666666666666667,0.6796116504854369,0.7142857142857143,0.736,0.6965174129353234,0.7070707070707071,0.4482775377029965,0.8136326530612245,0.7782339541689971,780.7574331000214
