Loss,Accuracy,False Negative Rate,False Positive Rate,Negative Predictive Value,Positive Predictive Value,Sensitivity,Specificity,F1-Score,F2-Score,Matthews Correlation Coefficient,AUC-ROC,AUC-PR,Model Training Time
0.6374314512525286,0.6995515695067265,0.29591836734693877,0.304,0.75,0.6448598130841121,0.7040816326530612,0.696,0.6731707317073171,0.6913827655310621,0.39746214749051784,0.7813877551020408,0.738306501057118,2736.6685230000003
